URL,Details
0,N/A
https://www.goodreads.com/user/show/14008088,Bangladesh
https://www.goodreads.com/user/show/107704225-rifat,"Female, Bangladesh"
https://www.goodreads.com/user/show/87324-tia,"Age 43, The United States"
https://www.goodreads.com/user/show/24175715,N/A
https://www.goodreads.com/user/show/148958882-dystopian,"Dhaka, 7300"
https://www.goodreads.com/user/show/2736147-riju-ganguly,N/A
https://www.goodreads.com/user/show/107928784-shariful-sadaf,"Age 27, Pasadena, CA"
https://www.goodreads.com/user/show/151393802-saumen,Male
https://www.goodreads.com/user/show/152995429,N/A
https://www.goodreads.com/user/show/94815246-soha,"Female, Dergaon, 03, India"
https://www.goodreads.com/user/show/19703758-sabrina-a,Bangladesh
https://www.goodreads.com/user/show/97513431-tamoghna-biswas,"Age 23, Male, Kolkata, India"
https://www.goodreads.com/user/show/54651494-rubell,N/A
https://www.goodreads.com/user/show/57123230-amanna-nawshin,Amanna Nawshin hasn't added any details yet.
https://www.goodreads.com/user/show/99185905-moumita-islam,"Female, Bangladesh"
https://www.goodreads.com/user/show/12508032-jyotsna,India
https://www.goodreads.com/user/show/119107935-abu-rayhan-rathi,"Age 21, Male, Bangladesh"
https://www.goodreads.com/user/show/145078410-mrittika,Mrittika hasn't added any details yet.
https://www.goodreads.com/user/show/3654176-stan-lanier,"Waycross, GA"
https://www.goodreads.com/user/show/23621066-shashini-vidanapathirana-abeysinghe,"Age 33, Colombo, Sri Lanka"
https://www.goodreads.com/user/show/9100524-riina,"Helsinki, 13, Finland"
https://www.goodreads.com/user/show/17834354-marina,Indonesia
https://www.goodreads.com/user/show/96554247-nilima-nili,Bangladesh
https://www.goodreads.com/user/show/43652633-saiful-sourav,Saiful Sourav hasn't added any details yet.
https://www.goodreads.com/user/show/111488640-zarif-hassan,"Dhaka, 81"
https://www.goodreads.com/user/show/93841856-koushik-ahammed,Bangladesh
https://www.goodreads.com/user/show/102486020-nilanjana-haldar,Age 33
https://www.goodreads.com/user/show/74773503-nusrat-faizah,"Female, Dhaka"
https://www.goodreads.com/user/show/4469709-pagladashu,"Toronto, ON, Canada"
https://www.goodreads.com/user/show/1597717-endah,"Age 56, Jakarta, 04, Indonesia"
https://www.goodreads.com/user/show/13091599-rizwan-khalil,N/A
https://www.goodreads.com/user/show/73221135-aishu-rehman,"Age 27, Male, Magura, Bangladesh"
https://www.goodreads.com/user/show/108499989-tiyas,Tiyas hasn't added any details yet.
https://www.goodreads.com/user/show/21786051-manzila,Bangladesh
https://www.goodreads.com/user/show/147579391-akash,Bangladesh
https://www.goodreads.com/user/show/56068189-khulud-binte-harun,"Age 24, Female, Sylhet, 86"
https://www.goodreads.com/user/show/65574059-hr-habibur-rahman,"Male, Sapahar, Rajshahi"
https://www.goodreads.com/user/show/53105643-ummea-salma,"Dhaka, 1217"
https://www.goodreads.com/user/show/93203716-nayeem,Bangladesh
https://www.goodreads.com/user/show/103293496-bookadmirer,"Age 28, Female, Dhaka"
https://www.goodreads.com/user/show/43309961-daina-chakma,Bangladesh
https://www.goodreads.com/user/show/44191110-tarinee,"Bhubaneshwar, 21, India"
https://www.goodreads.com/user/show/10051075-abhinav,Age 32
https://www.goodreads.com/user/show/87149498-samiha-kamal,"Age 25, Bangladesh"
https://www.goodreads.com/user/show/46735809-tasnim-dewan-orin,"Female, Dhaka"
https://www.goodreads.com/user/show/20310470-pranta-dastider,N/A
https://www.goodreads.com/user/show/55614051-sukanta-bhattacharjee,"Dhaka, 81"
https://www.goodreads.com/user/show/2989677-uttam-pal,"Age 36, Kolkata, West Bengal, India"
https://www.goodreads.com/user/show/122953955-sumaiya-akhter-lisa,Age 21
https://www.goodreads.com/user/show/97471334-adham-alif,Bangladesh
https://www.goodreads.com/user/show/138952578-sanowar-hossain,Male
https://www.goodreads.com/user/show/160261714-raisa-chowdhury,"Female, Dinajpur"
https://www.goodreads.com/user/show/118678585,N/A
https://www.goodreads.com/user/show/47528776-ibnul-shah,"Age 23, Male, Moulvibazar, Sylhet"
https://www.goodreads.com/user/show/45341691-israt-zaman-disha,"Dhaka, 1216"
https://www.goodreads.com/user/show/114460290-vimukti,"Male, Bangladesh"
https://www.goodreads.com/user/show/28748376-sabbir-ahmed,"Ishwardi, Pabna."
https://www.goodreads.com/user/show/4547588-susmit-chatterjee,"Age 36, Kolkata, 700120, India"
https://www.goodreads.com/user/show/112320834-nowrin-samrina-lily,N/A
https://www.goodreads.com/user/show/45279419-farzana-raisa,Comilla
https://www.goodreads.com/user/show/92389792-musharrat-zahin,"Female, Dhaka, 81"
https://www.goodreads.com/user/show/27605157-shaurav-saha,"Age 36, Dhaka, 81"
https://www.goodreads.com/user/show/142292706-md-samsudduha-rifath,"Age 21, Sylhet"
https://www.goodreads.com/user/show/45972808-asma-akhi,N/A
https://www.goodreads.com/user/show/110221517,Dhaka
https://www.goodreads.com/user/show/46199198-katha,N/A
https://www.goodreads.com/user/show/89770717-sid,"Age 22, Male, India"
https://www.goodreads.com/user/show/50009235,"Age 35, Female"
https://www.goodreads.com/user/show/91591320-abhishek-saha-joy,"Age 26, Bangladesh"
https://www.goodreads.com/user/show/116525635-royhana-akter-rimu,Bangladesh
https://www.goodreads.com/user/show/15179598-nighat,"Melbourne, Australia"
https://www.goodreads.com/user/show/32872116-hasnaeen-rahman,"Male, Dhaka"
https://www.goodreads.com/user/show/57796016-ayesha,Female
https://www.goodreads.com/user/show/65956384-nabid,"Age 33, Dhaka, 81"
https://www.goodreads.com/user/show/12705007-angshuman-chatterjee,"Age 37, Male, Kolkata, India"
https://www.goodreads.com/user/show/45235331-farhan-hamid,"Dhaka, 81"
https://www.goodreads.com/user/show/9189198-ayushi,"New Delhi, India"
https://www.goodreads.com/user/show/64297599-fahad-ahammed,"Male, Dhaka"
https://www.goodreads.com/user/show/111278536-amit-das,"Age 27, Bangladesh"
https://www.goodreads.com/user/show/87308762-rabiraj-banerjee,"Age 30, Male, Kolkata, India"
https://www.goodreads.com/user/show/6659514-devina-dutta,N/A
https://www.goodreads.com/user/show/5451772-shantanu,"Madras, 25, India"
https://www.goodreads.com/user/show/23007922-vikas-singh,N/A
https://www.goodreads.com/user/show/5858699-kavita,India
https://www.goodreads.com/user/show/101711943-mohammad-saad,"Male, Dhaka"
https://www.goodreads.com/user/show/36464272-avinash,Male
https://www.goodreads.com/user/show/16615635-hitessh,"Age 54, Male, Mumbai, 67, India"
https://www.goodreads.com/user/show/12430250-pallavi-kamat,"Mumbai, India"
https://www.goodreads.com/user/show/22139383-surbhi-verma,"Kozhikode, 13, India"
https://www.goodreads.com/user/show/100109309-tasmeem,Bangladesh
https://www.goodreads.com/user/show/6143388-avadhut,Avadhut hasn't added any details yet.
https://www.goodreads.com/user/show/2327087-neha-gupta,N/A
https://www.goodreads.com/user/show/139865-brijesh-kartha,Brijesh Kartha hasn't added any details yet.
https://www.goodreads.com/user/show/8676317-civilisation-freedom-of-speech,"Surat, 24, India"
https://www.goodreads.com/user/show/126540559-ipsita,"Age 26, Female, Kolkata, India, India"
https://www.goodreads.com/user/show/129925075-tashrif-arefin,N/A
https://www.goodreads.com/user/show/52092570-rohit-sharma,"Pune, India"
https://www.goodreads.com/user/show/108440721-prathamesh-sharma,India
https://www.goodreads.com/user/show/42022278-mit,"Age 27, Male, India"
https://www.goodreads.com/user/show/27868108-ritu-mantri,"Age 40, Visakhapatnam, 02, India"
https://www.goodreads.com/user/show/1620336-srinivas-veeraraghavan,"Age 39, Kigali, Rwanda"
https://www.goodreads.com/user/show/20541025-shahriar-shafin,Bangladesh
https://www.goodreads.com/user/show/14694521-kaustubh-dudhane,"Male, Navi Mumbai, India"
https://www.goodreads.com/user/show/94210007-afifa-habib,"Age 22, Female, Kallyanpur, Dhaka"
https://www.goodreads.com/user/show/68826790-suchona-hasnat,Age 27
https://www.goodreads.com/user/show/29536825-leenaa-fahmida,Leenaa Fahmida hasn't added any details yet.
https://www.goodreads.com/user/show/55110868-bj,BJ hasn't added any details yet.
https://www.goodreads.com/user/show/17969689-niradhip,Niradhip hasn't added any details yet.
https://www.goodreads.com/user/show/115764833-austin-george,"Age 33, Male, Hyderabad, India"
https://www.goodreads.com/user/show/83003223-navid-hyder-rijo,N/A
https://www.goodreads.com/user/show/24725433-ahmed-aziz,Dhaka
https://www.goodreads.com/user/show/5509951-ansarul-karim-jamee,"Dhaka, 81"
https://www.goodreads.com/user/show/53265969-moumita-hride,Age 31
https://www.goodreads.com/user/show/44320074-benozir-ahmed,"Dhaka, 81"
https://www.goodreads.com/user/show/18720326-purba-chakraborty,N/A
https://www.goodreads.com/user/show/44693788-mridul,Dhaka
https://www.goodreads.com/user/show/30667387-nakib-hasan,N/A
https://www.goodreads.com/user/show/132889203-pranta-biswas,"Age 27, Dhaka, 81"
https://www.goodreads.com/user/show/49369412,Female
https://www.goodreads.com/user/show/147288911-susmita-sarker,N/A
https://www.goodreads.com/user/show/134630512-maysha-maliha-mite,"Age 22, Female, Dhaka, 81"
https://www.goodreads.com/user/show/36464297-gorab,"Udaipur, India"
https://www.goodreads.com/user/show/16386336-arman-r-khan,Dhaka
https://www.goodreads.com/user/show/7763745-a-m-faisal,"Age 30, Male, Dhaka"
https://www.goodreads.com/user/show/41359514-megha-chakraborty,"Age 34, Mumbai, Bilaspur, India"
https://www.goodreads.com/user/show/138961992-najmul-bin-yousuf,"Mirpur, 84"
https://www.goodreads.com/user/show/22941029-farhan,Farhan hasn't added any details yet.
https://www.goodreads.com/user/show/5486168-dyuti,"Age 32, Birmingham, UK, The United Kingdom"
https://www.goodreads.com/user/show/28681296-azmain-tur-haque,Azmain Tur Haque hasn't added any details yet.
https://www.goodreads.com/user/show/50903942,"Age 30, Dhaka"
https://www.goodreads.com/user/show/136530604-nur-mohammad-sabbir,N/A
https://www.goodreads.com/user/show/167450600-bishu-dey,Bangladesh
https://www.goodreads.com/user/show/31461937-avishek-bhattacharjee,"Male, Dhaka"
https://www.goodreads.com/user/show/22716963-emtiaj,Male
https://www.goodreads.com/user/show/121278685,"Age 25, Male, Chattogram"
https://www.goodreads.com/user/show/45214031-shompa,France
https://www.goodreads.com/user/show/89157872-supratim,Male
https://www.goodreads.com/user/show/114385346,Female
https://www.goodreads.com/user/show/59940985-sourojit-das,"Age 32, Dublin, 9, Ireland"
https://www.goodreads.com/user/show/83680214-livresque,"Age 28, Male"
https://www.goodreads.com/user/show/127798020-sabit-ara-orpa,"New York, NY"
https://www.goodreads.com/user/show/25308543-sohan-ridwan,"Age 35, Male, Rajshahi, Rajshahi"
https://www.goodreads.com/user/show/14890879-aniruddha-sengupta,"Calcutta, 28, India"
https://www.goodreads.com/user/show/114172854-setraj-jahan,Bangladesh
https://www.goodreads.com/user/show/15448395-nusrat-jahan,Nusrat Jahan hasn't added any details yet.
https://www.goodreads.com/user/show/128516035-shukla-das,"Seoul, 11"
https://www.goodreads.com/user/show/70321740,N/A
https://www.goodreads.com/user/show/27786765-nahar-trina,Nahar  Trina hasn't added any details yet.
https://www.goodreads.com/user/show/13818989-muna,Bangladesh
https://www.goodreads.com/user/show/125322286-injamamul-haque-joy,"Age 22, Jersey City, NJ"
https://www.goodreads.com/user/show/12945161-syeda-ahad,N/A
https://www.goodreads.com/user/show/90312110-titu-acharjee,"Age 27, Bangladesh"
https://www.goodreads.com/user/show/47165369-nabila-mushtarin,"Age 30, Female"
https://www.goodreads.com/user/show/32472309-jahid-hasan,Dhaka
https://www.goodreads.com/user/show/46145097-zahidul,"Dhaka, 81"
https://www.goodreads.com/user/show/11131233-rifat,"Age 35, Chittagong"
https://www.goodreads.com/user/show/4686064-rajat-ubhaykar,N/A
https://www.goodreads.com/user/show/138298458-israt-jahan,"Age 22, Female"
https://www.goodreads.com/user/show/55018174-shahab-mosharraf,"Dhaka, 81"
https://www.goodreads.com/user/show/48471911-towkir-ahmmed-rigan,"Age 35, Gazipur"
https://www.goodreads.com/user/show/55425744-jamimeeh,Sylhet
https://www.goodreads.com/user/show/107541691-tasnima-oishee,"Age 25, Female, Chittagong"
https://www.goodreads.com/user/show/120365838-tahsin-ahmed,"Male, Dhaka, 1361"
https://www.goodreads.com/user/show/146688928-deefbruh,Deefbruh hasn't added any details yet.
https://www.goodreads.com/user/show/6651626-shom-biswas,N/A
https://www.goodreads.com/user/show/59194084-mahrufa-mery,Mahrufa Mery hasn't added any details yet.
https://www.goodreads.com/user/show/177429-anna,"Age 42, Washington, DC"
https://www.goodreads.com/user/show/2933855-brina,The United States
https://www.goodreads.com/user/show/4119460-aubrey,Luke hasn't added any details yet.
https://www.goodreads.com/user/show/614778-ahmad-sharabiani,"Age 72, Male, Tehran, 28, Iran"
https://www.goodreads.com/user/show/3672777-nataliya,"Age 40, Female, The United States"
https://www.goodreads.com/user/show/6743601-jim-fonseca,"Male, Punta Gorda, FL"
https://www.goodreads.com/user/show/3639005-candi,"Female, Rochester, NY"
https://www.goodreads.com/user/show/5407952-jibran,"Male, Mohenjodaro, Pakistan, Pakistan"
https://www.goodreads.com/user/show/10490224-orsodimondo,"Male, Roma, Italy, Italy"
https://www.goodreads.com/user/show/5498525-fionnuala,Ireland
https://www.goodreads.com/user/show/4159922-diane-s,Diane S ☔ hasn't added any details yet.
https://www.goodreads.com/user/show/1296744-kate,N/A
https://www.goodreads.com/user/show/32532774-lisa,Sweden
https://www.goodreads.com/user/show/102159719-reading-tamishly,India
https://www.goodreads.com/user/show/5512657-sara,N/A
https://www.goodreads.com/user/show/92905048-maziyar-yf,"Male, Tehran, Iran"
https://www.goodreads.com/user/show/2018505-thomas,Thomas hasn't added any details yet.
https://www.goodreads.com/user/show/22848274-ilse,Belgium
https://www.goodreads.com/user/show/11255849-cheryl,Cheryl hasn't added any details yet.
https://www.goodreads.com/user/show/9429655-luce-cry-baby,Italy
https://www.goodreads.com/user/show/22371819-mariah-roze,The United States
https://www.goodreads.com/user/show/26734926-emma,"Age 33, Female, London, The United Kingdom"
https://www.goodreads.com/user/show/2250020-tatiana,N/A
https://www.goodreads.com/user/show/215382-sandhya,"Pune, India"
https://www.goodreads.com/user/show/1381728-maxwell,"Age 31, Male, The United States"
https://www.goodreads.com/user/show/48650982-always-pouting,Always Pouting hasn't added any details yet.
https://www.goodreads.com/user/show/792145-sue-bridehead-a-pseudonym,Sue Bridehead (A Pseudonym) hasn't added any details yet.
https://www.goodreads.com/user/show/8655084-phrynne,"Sydney, 02, Australia"
https://www.goodreads.com/user/show/66366804-usman-hickmath,"Colombo, Sri Lanka"
https://www.goodreads.com/user/show/5464046-porshajo,"Age 54, Female, Pittsburgh, PA"
https://www.goodreads.com/user/show/31111971-rumana-nasrin,Age 39
https://www.goodreads.com/user/show/22388226-mehedi-hasan,"Age 30, Dhaka, 81"
https://www.goodreads.com/user/show/31495129-shadin-pranto,"Age 28, Male, Jahangirnagar University, Savar,Dhaka."
https://www.goodreads.com/user/show/62311634-omar-faruk,Age 27
https://www.goodreads.com/user/show/20402309-auyon-islam,"Male, Adelaide, SA, Australia"
https://www.goodreads.com/user/show/94228522-md-shariful-islam,"Age 24, Dhaka, 81"
https://www.goodreads.com/user/show/59939457-protik-nag,"Age 28, Male, Dhaka"
https://www.goodreads.com/user/show/17084602-ishita-mukherjee,"Age 30, Calcutta, 28, India"
https://www.goodreads.com/user/show/5716431-sutapa,"Age 55, Barrackpore. Palta, India"
https://www.goodreads.com/user/show/8089630-saikat-mahmud,Dhaka
https://www.goodreads.com/user/show/38408987-yasir-sarkar,"Dhaka, 81"
https://www.goodreads.com/user/show/54446302-tanjim,Tanjim hasn't added any details yet.
https://www.goodreads.com/user/show/30437003-rupshali,N/A
https://www.goodreads.com/user/show/53016872-bookish-veenita,"Kolkata, India"
https://www.goodreads.com/user/show/36271316-rahul-dutta,"Fremont, CA"
https://www.goodreads.com/user/show/32372175-avishek-datta,"Age 31, Male, chittagong"
https://www.goodreads.com/user/show/24523959-ratul,"Dhaka, 1207"
https://www.goodreads.com/user/show/2993169-krishnendu,"Age 38, Kolkata/Siliguri, West Bengal, India"
https://www.goodreads.com/user/show/113594314-sourav-das,"Age 30, Howrah, 033, India"
https://www.goodreads.com/user/show/30981903-sazzad-hossain,N/A
https://www.goodreads.com/user/show/30400738-amrita,N/A
https://www.goodreads.com/user/show/43083672,Bangladesh
https://www.goodreads.com/user/show/58121619,"Dhaka, 81"
https://www.goodreads.com/user/show/127128713-adya,"Age 21, Female"
https://www.goodreads.com/user/show/17327916-sandeepan-mondal,India
https://www.goodreads.com/user/show/30226237-amrita,"Mumbai, India"
https://www.goodreads.com/user/show/2855256-sandeep,"Bangalore, India"
https://www.goodreads.com/user/show/11889624-qube,"Bangalore/Delhi, India"
https://www.goodreads.com/user/show/17031197-anupama-c-k-b0rn-2-read,"Bangalore, India"
https://www.goodreads.com/user/show/5299698-pawan,Age 50
https://www.goodreads.com/user/show/5613421-aniotus-marcus-longmuir,The United States
https://www.goodreads.com/user/show/22720464-zerin-hasan,Dhaka
https://www.goodreads.com/user/show/93783030-israt-eva,"Age 25, Dhaka, 81"
https://www.goodreads.com/user/show/108024468-mehedi-hasan,"Age 23, Dhaka"
https://www.goodreads.com/user/show/122025267-mukid,"Male, chittagong"
https://www.goodreads.com/user/show/116247187-swarnakshi-dutta,"Kolkata, 28, India"
https://www.goodreads.com/user/show/17135695-vijai-jayaram,"Cochin, India"
https://www.goodreads.com/user/show/149970015-sudip-paul,"Age 21, Male, Bangladesh"
https://www.goodreads.com/user/show/71813231-krishnakumar-parthasarathy,"Vadodara, 09, India"
https://www.goodreads.com/user/show/112897278-padmini,Switzerland
https://www.goodreads.com/user/show/5641144-vik,"New Delhi, India"
https://www.goodreads.com/user/show/12822-sandeep-vasudevan,Sandeep Vasudevan hasn't added any details yet.
https://www.goodreads.com/user/show/5152394-denim-datta,"Age 34, Tempe, AZ"
https://www.goodreads.com/user/show/118876002-harun-ahmed,Bangladesh
https://www.goodreads.com/user/show/97464675-mahbuba-sinthia,N/A
https://www.goodreads.com/user/show/110014231,"Male, Dhaka, Prem Bagan"
https://www.goodreads.com/user/show/17795924-rajib-goswami,"San Antonio, TX"
https://www.goodreads.com/user/show/31643033-hridi-halder,N/A
https://www.goodreads.com/user/show/129566469-rajon-das,"Male, Sylhet"
https://www.goodreads.com/user/show/79904529-thedeadromantic,N/A
https://www.goodreads.com/user/show/140344913-shrabani-paul,Female
https://www.goodreads.com/user/show/164545635-the-girl-who-reads,N/A
https://www.goodreads.com/user/show/85859035-zobayer-akon,"Age 27, Dhaka, 81"
https://www.goodreads.com/user/show/94316521-theboichor,theboichor hasn't added any details yet.
https://www.goodreads.com/user/show/33954954-dipanjan,Male
https://www.goodreads.com/user/show/19331567-indic-publication,"San Mateo, CA"
https://www.goodreads.com/user/show/19960214-sakib-hasan,Sakib Hasan hasn't added any details yet.
https://www.goodreads.com/user/show/147327520-aditya-homchowdhury,"Age 21, Kolkata, India"
https://www.goodreads.com/user/show/107924669-jesan,Bangladesh
https://www.goodreads.com/user/show/16362673-arindam-bhowmick,"Calcutta, 28, India"
https://www.goodreads.com/user/show/22538158-shahidul-nahid,N/A
https://www.goodreads.com/user/show/21589197-moheul-mithu,N/A
https://www.goodreads.com/user/show/35241524-partha-sarker,N/A
https://www.goodreads.com/user/show/47999992-kamal-uddin,"Dhaka, 81"
https://www.goodreads.com/user/show/41740757-noushad-sojib,"Age 33, Bangladesh"
https://www.goodreads.com/user/show/61221095,"Age 28, Male, Dhaka"
https://www.goodreads.com/user/show/10688672-r,"Age 35, Male"
https://www.goodreads.com/user/show/986856-sim,N/A
https://www.goodreads.com/user/show/115919589-blind-alley,Bangladesh
https://www.goodreads.com/user/show/35335164-neela,"Age 35, Dhaka"
https://www.goodreads.com/user/show/95940479-shakil-mahmud,"Male, Dhaka, 81"
https://www.goodreads.com/user/show/88006239-md-rahat-khan,"Dhaka, 1207"
https://www.goodreads.com/user/show/126185952-aaneela-reads,Bangladesh
https://www.goodreads.com/user/show/21843540-shafaat,Bangladesh
https://www.goodreads.com/user/show/8735355-soumyabrata-sarkar,"Age 32, Durgapur, West Bengal, India"
https://www.goodreads.com/user/show/20502521-nawrin-boshra,Germany
https://www.goodreads.com/user/show/16297867-tisha,"Female, Dhaka"
https://www.goodreads.com/user/show/8044624-samidhya-sarker-torsho,"Age 32, Dhaka, 1000"
https://www.goodreads.com/user/show/150630658-kona-reads,"Age 30, Bangladesh"
https://www.goodreads.com/user/show/42728018,"Age 29, ময়মনসিংহ"
https://www.goodreads.com/user/show/63211929-arpita,N/A
https://www.goodreads.com/user/show/62933356-tahmid-anik,"Age 24, Bangladesh"
https://www.goodreads.com/user/show/115454370-junayed-hussain-sujon,"Age 27, Qatif, 06, Saudi Arabia"
https://www.goodreads.com/user/show/125284194-tashin-abdullah,"Age 23, Khulna"
https://www.goodreads.com/user/show/109552653-mehedi-hasan-mahfuz,"Age 23, Gazipur, 1720"
https://www.goodreads.com/user/show/76114432-afia-jahin-mow,Age 25
https://www.goodreads.com/user/show/44030883-nipabithi-toa,"Age 23, Female, Moulvibazar"
https://www.goodreads.com/user/show/13142940-sujoy-nath,"Alwaye, 13, India"
https://www.goodreads.com/user/show/26278904-monika-ghosh,"Age 30, Female, Bangladesh"
https://www.goodreads.com/user/show/84448513,Bangladesh
https://www.goodreads.com/user/show/48739374,N/A
https://www.goodreads.com/user/show/7733394-muhammad,Bangladesh
https://www.goodreads.com/user/show/94883779-subrata-das,Bangladesh
https://www.goodreads.com/user/show/135549953-sneha-dey,"Age 22, India"
https://www.goodreads.com/user/show/123567991-sh-sanowar,N/A
https://www.goodreads.com/user/show/25360324-nabila-tabassum-chowdhury,"Female, Dhaka"
https://www.goodreads.com/user/show/28904316-nusfaq-mahmood,"Melbourne, Australia"
https://www.goodreads.com/user/show/168050558-k-s-mahmood,N/A
https://www.goodreads.com/user/show/70377469-farhana-l-ba,Age 28
https://www.goodreads.com/user/show/68617881,Bangladesh
https://www.goodreads.com/user/show/38087945-farha-crystal,"Age 35, Bangladesh"
https://www.goodreads.com/user/show/28682925,"Male, ঢাকা"
https://www.goodreads.com/user/show/89454074-dhiman,Dhiman hasn't added any details yet.
https://www.goodreads.com/user/show/17101651-rashedul-riyad,"Age 31, Male, Dhaka"
https://www.goodreads.com/user/show/53122078,N/A
https://www.goodreads.com/user/show/134360945-kawkab,Kawkab  hasn't added any details yet.
https://www.goodreads.com/user/show/72466075-ratnodip,"Age 23, Gurgaon, 10, India"
https://www.goodreads.com/user/show/9386910-shamik,India
https://www.goodreads.com/user/show/86078455-arijit-ganguly,N/A
https://www.goodreads.com/user/show/56424418-shotabdi,"Age 30, Bangladesh"
https://www.goodreads.com/user/show/96361997-mahesh,India
https://www.goodreads.com/user/show/16296825-anindita-ray,N/A
https://www.goodreads.com/user/show/116302637-fatema-tuz-shammi,"Age 25, Dhaka"
https://www.goodreads.com/user/show/110299064-rohini-biswas,India
https://www.goodreads.com/user/show/7978781-ritika-gupta,"Mumbai, 16, India"
https://www.goodreads.com/user/show/77951195-sharanya-mukherji,N/A
https://www.goodreads.com/user/show/39190025-antara-vinayachandran,India
https://www.goodreads.com/user/show/8205322-sarwat,Bangladesh
https://www.goodreads.com/user/show/10132726-ashish-chakravarty,"New Delhi, 07, India"
https://www.goodreads.com/user/show/10467601-sid,India
https://www.goodreads.com/user/show/9213132-manisha,N/A
https://www.goodreads.com/user/show/30537625-anupama-sarkar,N/A
https://www.goodreads.com/user/show/11117799-book-ninja,"Age 32, Pakistan"
https://www.goodreads.com/user/show/35290388-tanvir-klion,"Age 32, Chittagong"
https://www.goodreads.com/user/show/34253602-deepak-pitaliya,"Age 57, Jaipur, Rajasthan, India"
https://www.goodreads.com/user/show/109311066-ayan-sarkar,India
https://www.goodreads.com/user/show/115638485-linking-sa-ir,"Age 28, Dhaka"
https://www.goodreads.com/user/show/74912352-avrodip-biswas,"Male, Tejgaon, 81"
https://www.goodreads.com/user/show/114135056-sudipta-saha-niloy,"Age 26, Dhaka"
https://www.goodreads.com/user/show/11743227-soumitro-roy,"Age 32, Silchar, 03, India"
https://www.goodreads.com/user/show/103054545-saurav,"Age 35, Male, Hamburg, Germany"
https://www.goodreads.com/user/show/154410365-honey-sharma,India
https://www.goodreads.com/user/show/9381908-divya-pal,Divya Pal hasn't added any details yet.
https://www.goodreads.com/user/show/134424208-rashed,Bangladesh
https://www.goodreads.com/user/show/84147859,"Age 38, Male, Khulna, 9250"
https://www.goodreads.com/user/show/31715728-maruf-hossain,N/A
https://www.goodreads.com/user/show/2507301-anne,"Chennai, India"
https://www.goodreads.com/user/show/36859595-nishat,"Age 26, Dhaka"
https://www.goodreads.com/user/show/82863124-sr-t-j-r,Female
https://www.goodreads.com/user/show/55475088-salawat-ullah,"Pasadena, CA"
https://www.goodreads.com/user/show/87533127-yeasmin-alo,Female
https://www.goodreads.com/user/show/106743668-momin,"Age 25, Bangladesh"
https://www.goodreads.com/user/show/35329803-muhaimeen,"Age 28, Male, Bangladesh"
https://www.goodreads.com/user/show/45466786-galib,"Male, Bangladesh"
https://www.goodreads.com/user/show/18455018-gulzar-choudhury,"Age 38, Hailakandi, Assam, 28, India"
https://www.goodreads.com/user/show/136704529-juiena-shabnam,Bangladesh
https://www.goodreads.com/user/show/106687490,"Age 27, Dhaka, 81"
https://www.goodreads.com/user/show/48621186-melody,"Age 30, Female, Dhaka"
https://www.goodreads.com/user/show/120879735-mehzabin-hridy,N/A
https://www.goodreads.com/user/show/77591102-ishraque-aornob,N/A
https://www.goodreads.com/user/show/175245371-ishtiyak-fahmi,Age 19
https://www.goodreads.com/user/show/86022771-sabbir-hossain-abir,"Age 25, Dhaka"
https://www.goodreads.com/user/show/100499617-saim-uddin,"Chattogram, Bangladesh"
https://www.goodreads.com/user/show/9488132-atharva,"Mumbai, 16, India"
https://www.goodreads.com/user/show/74352497-mahin,"Male, Budapest"
https://www.goodreads.com/user/show/91410973-kaniz-fatema,Kaniz Fatema hasn't added any details yet.
https://www.goodreads.com/user/show/46073495-baishali-datta,"Age 29, Bangladesh"
https://www.goodreads.com/user/show/83120151-anwesha,"Female, Lexington, KY"
https://www.goodreads.com/user/show/3310206-jagati-bagchi,"Kolkata, 47, India"
https://www.goodreads.com/user/show/5865570-rajat,India
https://www.goodreads.com/user/show/14078964-punit,"Age 35, Singapore, Singapore"
https://www.goodreads.com/user/show/11582701-shreela-sen,"KANPUR, India"
https://www.goodreads.com/user/show/59780299-hibatun-nur,N/A
https://www.goodreads.com/user/show/139677050-omar-alfaruque,"Male, Markuli, Sylhet Division"
https://www.goodreads.com/user/show/65759828-shahinul-alam,Shahinul Alam hasn't added any details yet.
https://www.goodreads.com/user/show/134113732-tanzima-rahman,Tanzima Rahman hasn't added any details yet.
https://www.goodreads.com/user/show/11121606-riddhiman,"Age 41, Male, India"
https://www.goodreads.com/user/show/97171309-ahmed-reejvi,"Dhaka, 81"
https://www.goodreads.com/user/show/168432475-munem-shahriar-borno,"Age 29, Male, Dhaka"
https://www.goodreads.com/user/show/108639377-shibnath-das,Shibnath Das hasn't added any details yet.
https://www.goodreads.com/user/show/79595513-mj,"Age 30, Female, Jamaica, NY"
https://www.goodreads.com/user/show/14943717-indrani-sen,"Age 51, Mumbai, India"
https://www.goodreads.com/user/show/121021140-ushashi,"Age 30, Female, India"
https://www.goodreads.com/user/show/632247-chrissie,"Female, Sweden"
https://www.goodreads.com/user/show/23589232-nusrat-mahmood,"Age 33, Dhaka, Dhaka"
https://www.goodreads.com/user/show/1647244-dhara-mehta,"Age 45, Flushing, NY"
https://www.goodreads.com/user/show/38414168-ashish-iyer,Ashish Iyer hasn't added any details yet.
https://www.goodreads.com/user/show/106530479-atri,India
https://www.goodreads.com/user/show/75826210-nour-alalii,N/A
https://www.goodreads.com/user/show/13716524-evelina-avalinahsbooks,"Age 36, Female, Vilnius, Lithuania"
https://www.goodreads.com/user/show/27099043-tarun,"New Delhi, 07, India"
https://www.goodreads.com/user/show/18066230-sourav-das,Bangladesh
https://www.goodreads.com/user/show/16267387-angshuman-mukherjee,"Calcutta, 28, India"
https://www.goodreads.com/user/show/25830284-timothy-green,"Oxford, The United Kingdom"
https://www.goodreads.com/user/show/686971-adam,N/A
https://www.goodreads.com/user/show/33592940-anirban-nanda,N/A
https://www.goodreads.com/user/show/17568354-eliza,Age 27
https://www.goodreads.com/user/show/27167554-utsav-bansal,"Age 31, New Delhi, 07, India"
https://www.goodreads.com/user/show/75281456-hasibul-shanto,"Male, Dhaka"
https://www.goodreads.com/user/show/50709703-dehan,Male
https://www.goodreads.com/user/show/3077522-s-ashok,"Age 37, Trichy, 620006, India"
https://www.goodreads.com/user/show/6003301-surabhi-sharma,N/A
https://www.goodreads.com/user/show/16958299-dr-appu-sasidharan-dasfill,"Male, Thrissur, Kerala, India"
https://www.goodreads.com/user/show/22189348-adina-way-behind,Romania
https://www.goodreads.com/user/show/3332742-mohsin-maqbool,"Karachi, 05, Pakistan"
https://www.goodreads.com/user/show/26126450-mansuriah-hassan,"Johor Bahru, Malaysia"
https://www.goodreads.com/user/show/151099435-divya-darshani,"Female, India"
https://www.goodreads.com/user/show/48502194-kathleen,N/A
https://www.goodreads.com/user/show/91501377-rakib-hasan,"Male, Dhaka"
https://www.goodreads.com/user/show/41361775-akash-readwithturtle,"Male, India"
https://www.goodreads.com/user/show/32654906-ashley-marilynne-wong,"Age 29, Female"
https://www.goodreads.com/user/show/29766292-soumen-daschoudhury,"Mumbai, 07, India"
https://www.goodreads.com/user/show/28090952-tazbeea-oushneek,"Age 31, Female, Dhaka"
https://www.goodreads.com/user/show/13249150-binibining-e-of-the-ugly-writers,"Parañaque City, Philippines"
https://www.goodreads.com/user/show/8813703-vishnu-brahmandam,Age 28
https://www.goodreads.com/user/show/30265783-akshat-solanki,N/A
https://www.goodreads.com/user/show/11375853-abdul,"Islamabad, Islamabad, Pakistan"
https://www.goodreads.com/user/show/27496516-haley,The United States
https://www.goodreads.com/user/show/128965064-darcel-anastasia,"Age 24, Female, Singapore, 00, Singapore"
https://www.goodreads.com/user/show/31515790-soumya-prasad-bluntpages,"Age 38, Bangalore, KA, India"
https://www.goodreads.com/user/show/32830977-aria,Malaysia
https://www.goodreads.com/user/show/22899491-pravin-gandhi,N/A
https://www.goodreads.com/user/show/7907580-harsha-ganesan,Harsha ganesan hasn't added any details yet.
https://www.goodreads.com/user/show/37567824-solomon-manoj,India
https://www.goodreads.com/user/show/57395649-gayatri,"Female, Pune, India"
https://www.goodreads.com/user/show/112840063-autumn,"Female, Dhaka, 81"
https://www.goodreads.com/user/show/28783872-shikha,Shikha hasn't added any details yet.
https://www.goodreads.com/user/show/48972734-muthuanand,"Male, Chennai, India"
https://www.goodreads.com/user/show/116823502-ali-ahnaf-zunayed,N/A
https://www.goodreads.com/user/show/74442445-saifuddin-rajib,N/A
https://www.goodreads.com/user/show/81476116-habib-ehsan,"Male, Dhaka"
https://www.goodreads.com/user/show/50876989-tahjiba-adrita,"Age 28, Bangladesh"
https://www.goodreads.com/user/show/110880440-mohana,Mohana hasn't added any details yet.
https://www.goodreads.com/user/show/21101562-samirah-anwar,N/A
https://www.goodreads.com/user/show/136881575,India
https://www.goodreads.com/user/show/125321530-maliha-tabassum-arna,"Female, Lakshmipur"
https://www.goodreads.com/user/show/59421037-kaykobaad-kaya,"Chittagong, 84"
https://www.goodreads.com/user/show/68903722-sakib-muktasid,Bangladesh
https://www.goodreads.com/user/show/22545694-damini,Age 29
https://www.goodreads.com/user/show/62476110-imam-abu-hanifa,"Age 29, Dhaka, 81"
https://www.goodreads.com/user/show/35670333-krishanu-dutta,India
https://www.goodreads.com/user/show/45733863-anwesha-chakraborty,India
https://www.goodreads.com/user/show/133130792-minhaz-abedin,Bangladesh
https://www.goodreads.com/user/show/42510007-pritimoy,pritimoy hasn't added any details yet.
https://www.goodreads.com/user/show/47956390-rakibul-dolon,"Age 25, Dhaka"
https://www.goodreads.com/user/show/17679231-masuma-tasnim-l,N/A
https://www.goodreads.com/user/show/233507-s-ach,"Bangalore, India"
https://www.goodreads.com/user/show/38413849-haque,N/A
https://www.goodreads.com/user/show/148694708-arupratan,"Age 37, Male, India"
https://www.goodreads.com/user/show/63656912-padmaja,Padmaja hasn't added any details yet.
https://www.goodreads.com/user/show/49075931,Age 32
https://www.goodreads.com/user/show/61070444-shampa-paul,"Kolkata, India"
https://www.goodreads.com/user/show/75804048-el,Age 25
https://www.goodreads.com/user/show/75638703-chandreyee-momo,"Age 26, Dhaka, 81"
https://www.goodreads.com/user/show/175130598-samiha-anu,Samiha Anu hasn't added any details yet.
https://www.goodreads.com/user/show/38510129-ashkin-ayub,Dhaka
https://www.goodreads.com/user/show/135741540-rafia-rahman,"Female, Rajshahi , 81"
https://www.goodreads.com/user/show/160280193-armaan-shuvo,"Age 22, Dhaka"
https://www.goodreads.com/user/show/59816400-sadia-nidhi,Bangladesh
https://www.goodreads.com/user/show/28655416-ankit-saxena,Age 33
https://www.goodreads.com/user/show/3190862-sutapa-bhattacharya,"Age 36, Kolkata, India, India"
https://www.goodreads.com/user/show/90531429-salman-sakib-jishan,"Age 27, Male"
https://www.goodreads.com/user/show/12466654-joseph-schreiber,"Male, Calgary, AB, Canada"
https://www.goodreads.com/user/show/2211358-neetha-philip,"Age 34, Bangalore, 19, India"
https://www.goodreads.com/user/show/33648706-sudeep-agarwal,"Age 37, Mumbai, India"
https://www.goodreads.com/user/show/42172950-ashok-krishna,"Male, Chennai, India"
https://www.goodreads.com/user/show/21583098-sudipta,Dhaka
https://www.goodreads.com/user/show/127289540-mehjad-mehrin,Age 21
https://www.goodreads.com/user/show/43418279-avik,"Male, Bangalore, India"
https://www.goodreads.com/user/show/41316013-s-m-hridoy,Dhaka
https://www.goodreads.com/user/show/117302346-basri-reads,Bangladesh
https://www.goodreads.com/user/show/45463093-alfie-shuvro,Dhaka
https://www.goodreads.com/user/show/27980374-jahidur-shawon,Bangladesh
https://www.goodreads.com/user/show/27401262-shalini-chakraborty,India
https://www.goodreads.com/user/show/81506576-tasfia-jaman,"Age 22, Female, Sylhet"
https://www.goodreads.com/user/show/108454569-azdika-afsana,"Dhaka, 81"
https://www.goodreads.com/user/show/61797368,"Male, Dhaka, 81"
https://www.goodreads.com/user/show/69625762-sucharita-paul-tiwari,"Jaipur, India"
https://www.goodreads.com/user/show/141392818-mehadi-huiyan,"Age 24, Bangladesh"
https://www.goodreads.com/user/show/104266096-souvik-sarkar,N/A
https://www.goodreads.com/user/show/49125981-maisha-samiha,N/A
https://www.goodreads.com/user/show/128989444-monami-arani,N/A
https://www.goodreads.com/user/show/87226391,N/A
https://www.goodreads.com/user/show/32048468-maruf-morshed,N/A
https://www.goodreads.com/user/show/11274586-farhana-sufi,N/A
https://www.goodreads.com/user/show/25632587-nazrul-islam,N/A
https://www.goodreads.com/user/show/117350243,N/A
https://www.goodreads.com/user/show/114521152-shafi-hossain,N/A
https://www.goodreads.com/user/show/62427709-henry-ratul,N/A
https://www.goodreads.com/user/show/751334-tanvir-muntasim,N/A
https://www.goodreads.com/user/show/25222055-tareq-anwar,N/A
https://www.goodreads.com/user/show/28218031-opu-tanvir,N/A
https://www.goodreads.com/user/show/128512074-zamsedur-rahman,N/A
https://www.goodreads.com/user/show/146940185-towhid-zaman,N/A
https://www.goodreads.com/user/show/97629828-sumaia-adrita,"Age 21, Doulatpur, 81"
https://www.goodreads.com/user/show/31960007-kawsar-mollah,"Age 28, Dhaka"
https://www.goodreads.com/user/show/36028233-sayeem-shams,N/A
https://www.goodreads.com/user/show/156475149-muhi-uddin,Bangladesh
https://www.goodreads.com/user/show/51730212-shahjahan-shourov,"Age 41, Dhaka"
https://www.goodreads.com/user/show/3368539-v-ramesh,"Bangalore, 19, India"
https://www.goodreads.com/user/show/81480784-ahmed-atif-abrar,N/A
https://www.goodreads.com/user/show/8511021-samikshan-sengupta,"Male, Kolkata, India"
https://www.goodreads.com/user/show/114210678-farhan-nayem,"Dhaka, 81"
https://www.goodreads.com/user/show/137267885,"Age 20, Male, Bangladesh"
https://www.goodreads.com/user/show/155251842-ahtam-aanon,Ahtam Aanon hasn't added any details yet.
https://www.goodreads.com/user/show/125668610-bookreviewgirl-xo,Bangladesh
https://www.goodreads.com/user/show/110464767-pritom-paul,"Age 26, Bangladesh"
https://www.goodreads.com/user/show/118284110-shuvescha-de,Bangladesh
https://www.goodreads.com/user/show/17721668-kamal-sharif,"Age 37, Dhaka"
https://www.goodreads.com/user/show/122450762-arik-shah,N/A
https://www.goodreads.com/user/show/125267368-sasue,"Dhaka, 81"
https://www.goodreads.com/user/show/81135195-muhtasim-khan,"Age 23, Dhaka, 81"
https://www.goodreads.com/user/show/28563616-talal-hasan,"Age 30, Bangladesh"
https://www.goodreads.com/user/show/96874093-masrura-tabassum,"Age 23, Chittagong, 84"
https://www.goodreads.com/user/show/154195275-nafisa-anjum,"Age 22, Rajshahi"
https://www.goodreads.com/user/show/74066774-sabab-zaman,"Age 29, Male, Dhaka, 81"
https://www.goodreads.com/user/show/181742812-ohi-ammar,Bangladesh
https://www.goodreads.com/user/show/73762512-prionti-mozumder,Bangladesh
https://www.goodreads.com/user/show/68893621-pranjal-kumar-nandi,"Age 26, Male, Dhaka, 81"
https://www.goodreads.com/user/show/87891203-rohit-debnath,Rohit Debnath hasn't added any details yet.
https://www.goodreads.com/user/show/1808983-alex,"Age 46, London, The United Kingdom"
https://www.goodreads.com/user/show/72322011-mohamed,Male
https://www.goodreads.com/user/show/83942348-nikkila,N/A
https://www.goodreads.com/user/show/11619849-nikhil,Nikhil hasn't added any details yet.
https://www.goodreads.com/user/show/28594550-samar-reads,"Female, Muscat, 06, Oman"
https://www.goodreads.com/user/show/124622966-nh-shoikot,Bangladesh
https://www.goodreads.com/user/show/1499425-kookie,The United States
https://www.goodreads.com/user/show/167094954-rocky-rahman,Bangladesh
https://www.goodreads.com/user/show/89443205-shivam,"Age 28, Delhi, 07, India"
https://www.goodreads.com/user/show/67191306-kiran,Kiran hasn't added any details yet.
https://www.goodreads.com/user/show/11757496-mukesh-kumar,"Bangalore, Karnataka, India"
https://www.goodreads.com/user/show/18002123-kafi-ahmed,Bangladesh
https://www.goodreads.com/user/show/12369477-pratibha-suku,Pratibha Suku hasn't added any details yet.
https://www.goodreads.com/user/show/4047766,N/A
https://www.goodreads.com/user/show/131146847-abu-rayhan-akash,"Age 24, Bangladesh"
https://www.goodreads.com/user/show/119332712-jenia-juthi,"Age 23, Dhaka, 81"
https://www.goodreads.com/user/show/21069370-rashik-reza-nahiyen,Rashik Reza Nahiyen hasn't added any details yet.
https://www.goodreads.com/user/show/79957693-taijul,N/A
https://www.goodreads.com/user/show/51134368-mitul-rahman-ontor,"Age 24, Male, Dhaka"
https://www.goodreads.com/user/show/145906408-kripasindhu-joy,Kripasindhu  Joy hasn't added any details yet.
https://www.goodreads.com/user/show/51640505-sweta-bose,"Age 28, KOLKATA, West Bengal, India"
https://www.goodreads.com/user/show/105448405-gourab-mukherjee,"Age 30, Purba Barddhaman, 713102, India"
https://www.goodreads.com/user/show/17995064-redwan-orittro,"Age 34, Dhaka"
https://www.goodreads.com/user/show/50080523-vendetta,"Sylhet, 86, Germany"
https://www.goodreads.com/user/show/14444739-rafat-shams,N/A
https://www.goodreads.com/user/show/40724689-raisul-sohan,"Age 35, Male, Bangladesh"
https://www.goodreads.com/user/show/121114483-tamzid-rifat,Male
https://www.goodreads.com/user/show/123368438-asif-ahmed-rahul,"Age 23, Dhaka, 81"
https://www.goodreads.com/user/show/4260928-sababa,The United States
https://www.goodreads.com/user/show/116510684-ajwad-bari,"Dhaka, 81"
https://www.goodreads.com/user/show/102110396-maliha-tabassum-tisha,"Female, Dhaka"
https://www.goodreads.com/user/show/59732979-md-faysal-alam-riyad,"Age 27, Male, Dhaka"
https://www.goodreads.com/user/show/98536005-miraj,"Age 23, Male, Chittagong"
https://www.goodreads.com/user/show/151301046-tamanna-tasneem,"Age 22, Barisal, 85"
https://www.goodreads.com/user/show/110625876-muhammad-fahim,Muhammad  Fahim hasn't added any details yet.
https://www.goodreads.com/user/show/178840509,"Age 22, Bangladesh"
https://www.goodreads.com/user/show/93892585-abdus-sattar-sazib,"Male, Dhaka"
https://www.goodreads.com/user/show/77253443-prionty--,"Dhaka, 81"
https://www.goodreads.com/user/show/20686378-noodar-yasmeen,Bangladesh
https://www.goodreads.com/user/show/72611417-fazle-rabbi-riyad,"Age 29, Male, Dhaka"
https://www.goodreads.com/user/show/167528415-mubtasim-fuad,"Age 22, Male, Khulna"
https://www.goodreads.com/user/show/40301502-zianur-shayer,Bangladesh
https://www.goodreads.com/user/show/26411063-maisha-zahir,Bangladesh
https://www.goodreads.com/user/show/16294266-madhulika-liddle,N/A
https://www.goodreads.com/user/show/67671127-ps,N/A
https://www.goodreads.com/user/show/67269664-mridula-gupta,"Age 30, Pune, India"
https://www.goodreads.com/user/show/3547543-smitha-murthy,N/A
https://www.goodreads.com/user/show/4587507-ash,The United States
https://www.goodreads.com/user/show/27137459-ash,Ash hasn't added any details yet.
https://www.goodreads.com/user/show/4723990-akshi,Akshi hasn't added any details yet.
https://www.goodreads.com/user/show/7983796-megha,"Female, Mumbai, India"
https://www.goodreads.com/user/show/31789152-sikata,Female
https://www.goodreads.com/user/show/62847318-humaira-tihi,"Age 28, Dhaka , Bangladesh"
https://www.goodreads.com/user/show/139903702-diyasha,"Age 24, Kolkata, 28, India"
https://www.goodreads.com/user/show/124645122-zabin,"Female, Dhaka"
https://www.goodreads.com/user/show/3770340-ranjana-gupta,"Kolkata, 7, India"
https://www.goodreads.com/user/show/80986337-pooja-jha,India
https://www.goodreads.com/user/show/4725472-abhishek-pathak,"Age 36, Poona, 411015, India"
https://www.goodreads.com/user/show/218454-suyash,"Age 40, Pittsburgh, PA"
https://www.goodreads.com/user/show/11914172-meem-arafat-manab,"Age 30, Dhaka Cantonment, Dhaka"
https://www.goodreads.com/user/show/1237196-petra-it-s-a-year-now-still-in-a-dark-place,"Pronouns: her majesty/ma'am/empress of nothing at all, Somewhere in the Caribbean, The United Kingdom"
https://www.goodreads.com/user/show/6852430-fourtriplezed,"Age 65, Brisbane, Qld, Australia"
https://www.goodreads.com/user/show/27615584-tushi,Bangladesh
https://www.goodreads.com/user/show/76519143-md-mijanor-rahman-medul-medul,"Age 27, Dhaka"
https://www.goodreads.com/user/show/11995655-daren,"Christchurch, New Zealand, New Zealand"
https://www.goodreads.com/user/show/68702541-zaima-hamid-zoa,"Age 28, Female, Dhaka"
https://www.goodreads.com/user/show/8780321-elisabetta,Age 38
https://www.goodreads.com/user/show/80850132-anjum-haz,"Age 28, Dhaka"
https://www.goodreads.com/user/show/4383007-guchu-nathani,"Bangalore, India"
https://www.goodreads.com/user/show/32662770-barbara,The United Kingdom
https://www.goodreads.com/user/show/125887850-rajeswari-roy,Australia
https://www.goodreads.com/user/show/64209323-nishat-monsur,Nishat Monsur hasn't added any details yet.
https://www.goodreads.com/user/show/75131796-bookishbong-moumita,"Age 27, Kolkata, India"
https://www.goodreads.com/user/show/105999370-hanif,"Male, Chittagong"
https://www.goodreads.com/user/show/21957444-nawshin,"Age 32, Bangladesh"
https://www.goodreads.com/user/show/135524430-edward-rony,"Jashore, Khulna."
https://www.goodreads.com/user/show/37435380-bahadur-biswas,"Age 29, Male, Berhampore, West Bengal, India"
https://www.goodreads.com/user/show/125496676-saad,"Irvine, CA"
https://www.goodreads.com/user/show/60168826-minhaj-abedin,"Age 27, Male, Dhaka, 81"
https://www.goodreads.com/user/show/9052225-faisal,"Laramie, WY"
https://www.goodreads.com/user/show/127982944-israt-jahan,Bangladesh
https://www.goodreads.com/user/show/85753449-pritam-chattopadhyay,"Male, Kolkata, India"
https://www.goodreads.com/user/show/8389128-smr,"Dekalb, IL"
https://www.goodreads.com/user/show/6563522-mahmud,N/A
https://www.goodreads.com/user/show/13500841-nita,"Kolkata, India"
https://www.goodreads.com/user/show/20238467-aurin-shaila-nusrat-sheyck,N/A
https://www.goodreads.com/user/show/8360245-shuhan-rizwan,N/A
https://www.goodreads.com/user/show/35042455,N/A
https://www.goodreads.com/user/show/31445279-arup,Bangladesh
https://www.goodreads.com/user/show/42264648-roksana-asma,"Age 34, The United States"
https://www.goodreads.com/user/show/42915771-mohammad-kamrul-hasan,"Age 32, Male, Gazipur, 0681"
https://www.goodreads.com/user/show/47567491-utsob-roy,N/A
https://www.goodreads.com/user/show/5304878-amlan-hossain,N/A
https://www.goodreads.com/user/show/87618330-madhurima-nayek,"Age 30, Female, India"
https://www.goodreads.com/user/show/75176849-shoroli-shilon,"Age 26, Bangladesh"
https://www.goodreads.com/user/show/11676720-sujan,Age 37
https://www.goodreads.com/user/show/148820906-tusar-abdullah-rezbi,N/A
https://www.goodreads.com/user/show/7298095-deepthi,"Age 33, Toronto, Ontario, Canada"
https://www.goodreads.com/user/show/21575078-flo,Argentina
https://www.goodreads.com/user/show/34622220-seemita,"Chennai, India"
https://www.goodreads.com/user/show/42133960-peiman-e-iran,The United Kingdom
https://www.goodreads.com/user/show/17117710-jareed,Philippines
https://www.goodreads.com/user/show/56189373-shine-sebastian,"Age 28, Male, Kannur, Kerala, India"
https://www.goodreads.com/user/show/8263423-pulkit-singhal,"Age 34, Delhi,Hyderabad, India"
https://www.goodreads.com/user/show/804350-amy,N/A
https://www.goodreads.com/user/show/24132229-daisy,"London, H9, The United Kingdom"
https://www.goodreads.com/user/show/76236561-srivalli-rekha,N/A
https://www.goodreads.com/user/show/48263884-masoud-irannejad,"Age 27, Male, Tehran, Iran"
https://www.goodreads.com/user/show/87574378-cherisa-b,The United States
https://www.goodreads.com/user/show/35008106-ahmed-ibrahim,"Age 27, Male, Port said, Egypt"
https://www.goodreads.com/user/show/44131812-susan-budd,N/A
https://www.goodreads.com/user/show/5040094-asha-seth,N/A
https://www.goodreads.com/user/show/426277-james-henderson,N/A
https://www.goodreads.com/user/show/21169781-poulomi-sylphrena-tonk,"Age 30, Guwahati, Assam, India"
https://www.goodreads.com/user/show/5686305-shayantani,N/A
https://www.goodreads.com/user/show/354489-bo,"Age 45, The United States"
https://www.goodreads.com/user/show/10681424-dona,N/A
https://www.goodreads.com/user/show/63218171-hawk,"London, The United Kingdom"
https://www.goodreads.com/user/show/31284088-tanvika,"Female, New Delhi, 07, India"
https://www.goodreads.com/user/show/48056505-piyangie,"Female, Colombo, Sri Lanka"
https://www.goodreads.com/user/show/18816035-trestitia-deamorski,"Age 30, Turkey"
https://www.goodreads.com/user/show/43473040-meghhnaa-on-a-review-writing-break,"Bangalore, India"
https://www.goodreads.com/user/show/167656817-abhilasha,Abhilasha hasn't added any details yet.
https://www.goodreads.com/user/show/65522073-trisha,"Female, Kuala Lumpur, Malaysia"
https://www.goodreads.com/user/show/63589003-zahidul-islam-sobuz,"Age 26, Male, Panthapath,Dhaka"
https://www.goodreads.com/user/show/72369194-tasnim,Tasnim hasn't added any details yet.
https://www.goodreads.com/user/show/40565104-marco,N/A
https://www.goodreads.com/user/show/4352666-rima-kar,"Noida, UP, India"
https://www.goodreads.com/user/show/94328533,سمية  hasn't added any details yet.
https://www.goodreads.com/user/show/5407147-priya,Priya hasn't added any details yet.
https://www.goodreads.com/user/show/88559174-sultana,Bangladesh
https://www.goodreads.com/user/show/41932054,"Age 32, Khulna"
https://www.goodreads.com/user/show/11785803-wasee,N/A
https://www.goodreads.com/user/show/75024617-hasna,"Female, Bangladesh"
https://www.goodreads.com/user/show/81991800-sharika,"Female, Savar, 81"
https://www.goodreads.com/user/show/117980610-sukanya-naz-naz-islam,"Age 24, Female, Dhaka"
https://www.goodreads.com/user/show/20092520-hamima-afroz-lopa,Dhaka
https://www.goodreads.com/user/show/52763346-farhana,"Ithaca, NY"
https://www.goodreads.com/user/show/84575861-rahat-rubayet,"Age 31, Dhaka, 1216"
https://www.goodreads.com/user/show/54117110-jishnu-banerjee,"Male, Dhaka, 81"
https://www.goodreads.com/user/show/46271172-rawnak-sarker,"Dhaka, 81"
https://www.goodreads.com/user/show/15810277-muhammad-kamruzzaman,"Age 30, Dhaka, 81"
https://www.goodreads.com/user/show/138163686,N/A
https://www.goodreads.com/user/show/153989968-tasnia-zaman,Dhaka
https://www.goodreads.com/user/show/50724695-hafsa-sabira,"Age 31, Female, Dhaka, 81"
https://www.goodreads.com/user/show/35082573-a-rahman-bishal,"Age 26, Male, Bangladesh"
https://www.goodreads.com/user/show/130469570-nuzat,"Dhaka, 81"
https://www.goodreads.com/user/show/33371706-nomita-chakravorty,"Mumbai, 16, India"
https://www.goodreads.com/user/show/13291602-nafis-oli,N/A
https://www.goodreads.com/user/show/34423094-sucheta,Age 35
https://www.goodreads.com/user/show/151419136-tania-akter,"Tejgaon, 81"
https://www.goodreads.com/user/show/128763506-rezwana-nazri,N/A
https://www.goodreads.com/user/show/61225363-orunavo,"Age 34, Howrah, WB, India"
https://www.goodreads.com/user/show/132993045-sumanta,Sumanta hasn't added any details yet.
https://www.goodreads.com/user/show/96596423-shakirul-khan,Male
https://www.goodreads.com/user/show/39237266,Bangladesh
https://www.goodreads.com/user/show/127354207-it-s-jizy,"Age 32, India"
https://www.goodreads.com/user/show/87138315-khalid-muhammad-shezan,"Age 25, Male, Dhaka, 1209"
https://www.goodreads.com/user/show/59667162-fazle-rabbi-shovo,"Age 29, Male, Dhaka"
https://www.goodreads.com/user/show/60309176-akash,N/A
https://www.goodreads.com/user/show/53166794-devika-das,N/A
https://www.goodreads.com/user/show/92571214-prabir-mandal,"Bankura, 28, India"
https://www.goodreads.com/user/show/31084687-subhadip-ojha,The United States
https://www.goodreads.com/user/show/107307618-summer,Female
https://www.goodreads.com/user/show/77638293-shubhro-mondal,"Male, Kolkata, 28, India"
https://www.goodreads.com/user/show/5880762-matt-friedman,"Age 59, Bemidji, MN"
https://www.goodreads.com/user/show/4754576-sucharita,"Mumbai, 16, India"
https://www.goodreads.com/user/show/17165297-sirazum-munira,"Dhaka, 81"
https://www.goodreads.com/user/show/42752922-sabbir-pavel,"Male, Bangladesh"
https://www.goodreads.com/user/show/108511092-nabonita-pramanik,N/A
https://www.goodreads.com/user/show/12090459-salwa,N/A
https://www.goodreads.com/user/show/23248647-sourav-anando,Dhaka
https://www.goodreads.com/user/show/116238811-peal-r-partha,"Chattagram, 81"
https://www.goodreads.com/user/show/68891386-ibnathism,"Female, Bangladesh"
https://www.goodreads.com/user/show/127228430-hazera-khatun,"Age 24, Female, Chapai Nawabganj, Rajshahi"
https://www.goodreads.com/user/show/42494837,"Age 28, Rajshahi"
https://www.goodreads.com/user/show/88765901-sheikh-marzia-amin,"Female, Dhaka, 81"
https://www.goodreads.com/user/show/40006528-shaid-zaman,Bangladesh
https://www.goodreads.com/user/show/52228140-shithy-brizet,"Dhaka, 81"
https://www.goodreads.com/user/show/26100748-arindam-mitra,Arindam Mitra hasn't added any details yet.
https://www.goodreads.com/user/show/129437655-arif-hossain,"Age 27, Dhaka, 81"
https://www.goodreads.com/user/show/89422671-plabon-das,Bangladesh
https://www.goodreads.com/user/show/130206606-hossain-ahmed,Bangladesh
https://www.goodreads.com/user/show/165964463-debonil-sarkar,"Kolkata, 28, India"
https://www.goodreads.com/user/show/145097500-nurul-huda,Dhaka
https://www.goodreads.com/user/show/125586405-jannatul-annya,Bangladesh
https://www.goodreads.com/user/show/4556168-bookish-indulgenges-with-b00k-r3vi3ws,"Kolkata, West Bengal, India"
https://www.goodreads.com/user/show/11493508-sushmita,Age 36
https://www.goodreads.com/user/show/20039964-abhishek,"Age 36, Kolkata, India"
https://www.goodreads.com/user/show/132982320-bishruti-mitra,"Kolkata, 28, India"
https://www.goodreads.com/user/show/136164948-anindita-halder,"Age 22, Female, India"
https://www.goodreads.com/user/show/151260932-sadia-rahman,"Age 21, India"
https://www.goodreads.com/user/show/109332102-shabbeer,"Male, Bangladesh"
https://www.goodreads.com/user/show/170600828-pratyay-samanta,"Kolkata, 28, India"
https://www.goodreads.com/user/show/98214841-arshi-irtiza,"Age 25, Bangladesh"
https://www.goodreads.com/user/show/127424491-saptaparni-paperbacks-nd-hardcovers,Age 22
https://www.goodreads.com/user/show/21274395-meheraj-ali,"Calcutta, 28, India"
https://www.goodreads.com/user/show/21891251-noman,Bangladesh
https://www.goodreads.com/user/show/23439471-anirban-ganguly,"Burdwan, 28, India"
https://www.goodreads.com/user/show/717490-tusher,N/A
https://www.goodreads.com/user/show/30112376-aankan-mitra,"Kolkata, 28, India"
https://www.goodreads.com/user/show/4037246-prangon,Prangon hasn't added any details yet.
https://www.goodreads.com/user/show/92194312-mahmuda-mim,N/A
https://www.goodreads.com/user/show/133722014-tasmim-bintay-haque,"Female, Dhaka"
https://www.goodreads.com/user/show/74500574-md-ishtiaque-yunus,"Male, Dhaka"
https://www.goodreads.com/user/show/112327731-fiction-o-phile,"Age 26, India"
https://www.goodreads.com/user/show/54687348-misba,N/A
https://www.goodreads.com/user/show/39276547-ashik-riham,"Mirpur, Dhaka"
https://www.goodreads.com/user/show/37460343-abdul-awal,Bangladesh
https://www.goodreads.com/user/show/36826319-kamruzzaman-emon,N/A
https://www.goodreads.com/user/show/129618377,Bangladesh
https://www.goodreads.com/user/show/134143807,"Dhaka, 81"
https://www.goodreads.com/user/show/31560948-sourov-roy,Barishal
https://www.goodreads.com/user/show/85912383-mridul-syed,"Male, Bangladesh"
https://www.goodreads.com/user/show/73491021-mir-khalid,Male
https://www.goodreads.com/user/show/31670706-sristi,N/A
https://www.goodreads.com/user/show/38529298-foysol-ahmed,"Male, Sylhet"
https://www.goodreads.com/user/show/40888445,"Age 30, Male, Chittagong"
https://www.goodreads.com/user/show/48167210-accursed-uumran,Accursed Uumran hasn't added any details yet.
https://www.goodreads.com/user/show/34674346-arefin-bashar-arif,N/A
https://www.goodreads.com/user/show/31716266-tasnuba,N/A
https://www.goodreads.com/user/show/56285010-ofelia-mahjabin-islam,"Dhaka, 81"
https://www.goodreads.com/user/show/63693295-shamim-reza,"Age 34, Dhaka, 81"
https://www.goodreads.com/user/show/101776547,Bangladesh
https://www.goodreads.com/user/show/160492194-joba,Joba hasn't added any details yet.
https://www.goodreads.com/user/show/144552151-taniya-tahsin-tanjila,"Age 27, Bangladesh"
https://www.goodreads.com/user/show/106333665-dalia-book-o-creativity,"Age 25, India"
https://www.goodreads.com/user/show/75148100-afsana,"Age 26, Dhaka, 81"
https://www.goodreads.com/user/show/131888875-jarin-khan-mou,Bangladesh
https://www.goodreads.com/user/show/122952387-poddo-alam,"Age 25, Female, Dhaka, 81"
https://www.goodreads.com/user/show/88116825-mh-oli,Bangladesh
https://www.goodreads.com/user/show/41492620-saiful-islam-musa,"Age 29, Bangladesh"
https://www.goodreads.com/user/show/143110556-anjuman,Bangladesh
https://www.goodreads.com/user/show/97519428-musaddek-shakil,Bangladesh
https://www.goodreads.com/user/show/86821978-ratika-khandoker,Bangladesh
https://www.goodreads.com/user/show/143656716-majharul-islam,"Male, Tikatuli, Wari"
https://www.goodreads.com/user/show/128793600-fahrial-imrose,Fahrial  ImRose hasn't added any details yet.
https://www.goodreads.com/user/show/79207709-zerin-oyishi,"Age 27, Female"
https://www.goodreads.com/user/show/29859105-monirul-hoque-shraban,"Age 30, Male, Dhaka"
https://www.goodreads.com/user/show/35398958-nuary,N/A
https://www.goodreads.com/user/show/154182958-sagor-reza,N/A
https://www.goodreads.com/user/show/138431160-ahadul-hassan-bhuiyan-konok,"Age 24, Male, Bangladesh"
https://www.goodreads.com/user/show/54984681-kanis-murshida,"Age 26, Bangladesh"
https://www.goodreads.com/user/show/76206012-bayazid-khan,"Age 2022, Bangladesh"
https://www.goodreads.com/user/show/159013590-muntasir-dhip,"Age 22, Bangladesh"
https://www.goodreads.com/user/show/89909313-ahona-zaman,"Age 24, Bangladesh"
https://www.goodreads.com/user/show/131822942-sneha,"Age 24, Dhaka, 81"
https://www.goodreads.com/user/show/34611548,dhaka
https://www.goodreads.com/user/show/130336659-iftikhar-sajid,"Male, Bangladesh"
https://www.goodreads.com/user/show/32709738-eshaan-kabir,Narsingdi
https://www.goodreads.com/user/show/124141662-faiyaz-rashid,"Male, Dhaka"
https://www.goodreads.com/user/show/13602937-priom,"Montreal, Canada"
https://www.goodreads.com/user/show/66339357-tousif-sadman,"Male, Sylhet, 86"
https://www.goodreads.com/user/show/145147800-adnan-chowdhury,"Age 24, Male, Dhaka, 81"
https://www.goodreads.com/user/show/120186982-raisa-mumtahina,"Age 25, Chittagong, 84"
https://www.goodreads.com/user/show/128470540,"Age 20, চট্টগ্রাম"
https://www.goodreads.com/user/show/136046753-anisha-sharma,Anisha Sharma hasn't added any details yet.
https://www.goodreads.com/user/show/55664327-oii,"Dhaka, 81"
https://www.goodreads.com/user/show/82258841-mehera-binte-mizan,Female
https://www.goodreads.com/user/show/58850235-deeya-hafiz,"Age 28, Pasadena, CA"
https://www.goodreads.com/user/show/64855324-ferdous-hriday,"Age 32, Male, Dhaka"
https://www.goodreads.com/user/show/93330295-mehedi-sultan,"Age 33, Dhaka, 81"
https://www.goodreads.com/user/show/94825748-sanjana-islam,"Mohammadpur, 84"
https://www.goodreads.com/user/show/115408920-mizanur-rahman,"Age 25, Bangladesh"
https://www.goodreads.com/user/show/64790687-naim-litu,"Age 25, Bangladesh"
https://www.goodreads.com/user/show/95913453-mahasweta-bhattacharya,Age 32
https://www.goodreads.com/user/show/82560986-sujit-arjun,"Kolkata, 28, India"
https://www.goodreads.com/user/show/6265374-sugata-adhya,Sugata Adhya hasn't added any details yet.
https://www.goodreads.com/user/show/67189994-nahidur-rahman,Nahidur Rahman hasn't added any details yet.
https://www.goodreads.com/user/show/160413890-partho-roy,Bangladesh
https://www.goodreads.com/user/show/45294341-nayeem-ahsan,Dhaka
https://www.goodreads.com/user/show/65886644-rifat,N/A
https://www.goodreads.com/user/show/94322082-ariful-islam,Bangladesh
https://www.goodreads.com/user/show/39436036-abdul-hamid-bin-yousuf,"Age 38, Male, Rancho Cordova, CA"
https://www.goodreads.com/user/show/16426704-biswadip-chattopadhyay,"Age 29, Calcutta, 28, India"
https://www.goodreads.com/user/show/4672812-zuberino,Bangladesh
https://www.goodreads.com/user/show/89162751-saima-taher-shovon,cox's bazar
https://www.goodreads.com/user/show/11725369-trinamoy-das,"Age 29, Male, Barasat, India"
https://www.goodreads.com/user/show/153923354-shoumik-hossain,"Age 27, Male, Dhaka, 81"
https://www.goodreads.com/user/show/118879526-waiz-kuruni-ahmed-zisan,Male
https://www.goodreads.com/user/show/59523029,Female
https://www.goodreads.com/user/show/25491895-faizah,Faizah hasn't added any details yet.
https://www.goodreads.com/user/show/90641546,"Age 25, Bangladesh"
https://www.goodreads.com/user/show/148752147-rifat-ridwan,"Male, Bangladesh"
https://www.goodreads.com/user/show/81352999-priyanto,N/A
https://www.goodreads.com/user/show/13408922-farhad-naeem,Bangladesh
https://www.goodreads.com/user/show/156459416-mahrin-haque-moho,The United Kingdom
https://www.goodreads.com/user/show/82759-molly,N/A
https://www.goodreads.com/user/show/252915-sonal,"New York, NY"
https://www.goodreads.com/user/show/59229298,"Age 31, Female"
https://www.goodreads.com/user/show/57810023-guille,"Male, Madrid, Spain"
https://www.goodreads.com/user/show/541416-teresa,N/A
https://www.goodreads.com/user/show/3593962-kalliope,"Madrid, Spain"
https://www.goodreads.com/user/show/1883816-barb-h,N/A
https://www.goodreads.com/user/show/86388-ian,"Age 41, Berkeley, CA"
https://www.goodreads.com/user/show/28854579-glenn-sumi,"Toronto, ON, Canada"
https://www.goodreads.com/user/show/1151637-roxane,N/A
https://www.goodreads.com/user/show/73395599-sana,Iran
https://www.goodreads.com/user/show/99765491-jimz,"Highland, IN"
https://www.goodreads.com/user/show/5915455-n,N hasn't added any details yet.
https://www.goodreads.com/user/show/114652076-samane,"Female, tehran, Iran"
https://www.goodreads.com/user/show/1067085-foodie,The United States
https://www.goodreads.com/user/show/7654396-samir-rawas-sarayji,Samir Rawas Sarayji hasn't added any details yet.
https://www.goodreads.com/user/show/210397-jo,"Miami, FL"
https://www.goodreads.com/user/show/597461-elyse-walters,"Age 72, San Jose, CA"
https://www.goodreads.com/user/show/31690889-gypsy,"Female, Mashhad, Milan, Lund, Italy"
https://www.goodreads.com/user/show/1036893-fabian,"Age 39, Denver, CO"
https://www.goodreads.com/user/show/29005117-federico-dn,"Chaotic Good. Infj-A. Argentina, CABA, Argentina"
https://www.goodreads.com/user/show/42130592-chai-thelibrairie-on-tiktok,"Female, France"
https://www.goodreads.com/user/show/67861858-pakinam-mahmoud,"Female, cairo, Egypt"
https://www.goodreads.com/user/show/32879029-emma,"Age 27, Female, Boston, MA"
https://www.goodreads.com/user/show/18383778-dolors,"Catalonia, Spain"
https://www.goodreads.com/user/show/8228243-andy-marr,N/A
https://www.goodreads.com/user/show/91434473-daph-pink,India
https://www.goodreads.com/user/show/16587936-jr-bacdayan,"MNL, Philippines"
https://www.goodreads.com/user/show/48483884-michael-finocchiaro,N/A
https://www.goodreads.com/user/show/11592808-sawsan,N/A
https://www.goodreads.com/user/show/2294090-darwin8u,"Mesa, AZ"
https://www.goodreads.com/user/show/11828431-murray,N/A
https://www.goodreads.com/user/show/2386804-mj-nicholls,"Age 38, Glasgow, Scotland, The United Kingdom"
https://www.goodreads.com/user/show/107010012-dream-m,"Age 85, Female, Sweden"
https://www.goodreads.com/user/show/2026178-elizabeth-alaska,"Age 79, Ketchikan, AK"
https://www.goodreads.com/user/show/45248887-greta-g,Greta G hasn't added any details yet.
https://www.goodreads.com/user/show/94745866-heba,Heba hasn't added any details yet.
https://www.goodreads.com/user/show/7912849-kerrin,"Hurst, TX"
https://www.goodreads.com/user/show/378626-kavitha,The United States
https://www.goodreads.com/user/show/125937472-samiur-rashid-abir,Dhaka
https://www.goodreads.com/user/show/60864173-imran-mahmud,Dhaka
https://www.goodreads.com/user/show/160647206-shrabonti-debnath,The United Kingdom
https://www.goodreads.com/user/show/150521800-aman,Aman hasn't added any details yet.
https://www.goodreads.com/user/show/63590757,"Age 33, Pasadena, CA"
https://www.goodreads.com/user/show/20002262-a-r-mueid,Bangladesh
https://www.goodreads.com/user/show/127075782,"Chittagong, 84"
https://www.goodreads.com/user/show/135546104-wasima-fairuz,"Age 26, Female, Bangladesh"
https://www.goodreads.com/user/show/47872226-nidhi-p,Female
https://www.goodreads.com/user/show/13506550-hirdesh,Age 31
https://www.goodreads.com/user/show/16620088-rajeev-roshan,"Age 36, New Delhi, 16, India"
https://www.goodreads.com/user/show/96907747-ajay,N/A
https://www.goodreads.com/user/show/10032441-mohit,N/A
https://www.goodreads.com/user/show/3666851-nandini-goel,N/A
https://www.goodreads.com/user/show/22460776-hemant,N/A
https://www.goodreads.com/user/show/59494846-ravi,"Age 37, Delhi, 07, India"
https://www.goodreads.com/user/show/4484606-nikhil,Male
https://www.goodreads.com/user/show/7351346-swagatika-mohapatra,"Age 42, Mumbai, 94, India"
https://www.goodreads.com/user/show/36792235-uttam,N/A
https://www.goodreads.com/user/show/38950308-vartika-goyal,N/A
https://www.goodreads.com/user/show/55321156-mithun-samarder,"Stuttgart, 01, Germany"
https://www.goodreads.com/user/show/57727716-yash-sharma,"Male, Jaipur, India"
https://www.goodreads.com/user/show/68418311-rohit-kumar,India
https://www.goodreads.com/user/show/4331090-vinay-kumar,"Age 46, Solan, 11, India"
https://www.goodreads.com/user/show/24577690-souvik-khamrui,N/A
https://www.goodreads.com/user/show/30785617-kallol-roy,"Bangalore, 19, India"
https://www.goodreads.com/user/show/24275791-basudev-acharya,India
https://www.goodreads.com/user/show/10974599-shweta,N/A
https://www.goodreads.com/user/show/38517337-ritika-jaswal-suryavanshi,"Oslo, 9, Norway"
https://www.goodreads.com/user/show/46012010-sandeep,India
https://www.goodreads.com/user/show/74850009-tamim-mostafa,"Dhaka, 81"
https://www.goodreads.com/user/show/98755887-shahid-sha,Bangladesh
https://www.goodreads.com/user/show/54977251-sanchary-ghosh,"Bangalore, 19, India"
https://www.goodreads.com/user/show/54846491-anie,"Male, New Delhi, 07, India"
https://www.goodreads.com/user/show/41055147-book-worm,"Female, The United States"
https://www.goodreads.com/user/show/135738306-nuhash,"Age 23, Comilla, 84"
https://www.goodreads.com/user/show/88691269-sajid,"Age 24, Dhaka, 81"
https://www.goodreads.com/user/show/733871-amit,N/A
https://www.goodreads.com/user/show/157328964-agniva-sanyal,"Age 24, NABADWIP, WEST BENGAL, India"
https://www.goodreads.com/user/show/11617924-nahian,"Dhaka, 81"
https://www.goodreads.com/user/show/43978081-ujjwala-singhania,Ujjwala Singhania hasn't added any details yet.
https://www.goodreads.com/user/show/65034302-asadullah-hill-galib,"Male, Dhaka"
https://www.goodreads.com/user/show/61451936-jamil-ahammed,Dhaka
https://www.goodreads.com/user/show/16072727-rohit,"Bangalore, 19, India"
https://www.goodreads.com/user/show/154322571-raihan-ferdous-bappy,"Dhaka, 81"
https://www.goodreads.com/user/show/26248371-shihab-ahmed-tuhin,"Age 30, Gazipur"
https://www.goodreads.com/user/show/153345344-ziesha-fernandez,"Age 29, Female"
https://www.goodreads.com/user/show/61413410-anupam-sengupta,"Male, Malda, India"
https://www.goodreads.com/user/show/2851574-harshit-gupta,"Age 38, Bangalore, India"
https://www.goodreads.com/user/show/71723703-kumar-pankaj-panchal,"Age 31, Male, panipat, India"
https://www.goodreads.com/user/show/131280712-badhon-sarkar,"Doulatpur, 81"
https://www.goodreads.com/user/show/41812950-kishore,"Age 28, Kolkata, India"
https://www.goodreads.com/user/show/33475147-ajs,India
https://www.goodreads.com/user/show/50862294-saoirse,"Dublin , Ireland"
https://www.goodreads.com/user/show/34754088-mahir-farhan-khan,"Age 27, Male, Rajshahi"
https://www.goodreads.com/user/show/15600027-ruhin-joyee,Dhaka
https://www.goodreads.com/user/show/11561513-shreyashree,"Age 28, Female, Iowa City, IA"
https://www.goodreads.com/user/show/3638258-jenne,The United States
https://www.goodreads.com/user/show/49090910-bushra-f-hussain,Age 30
https://www.goodreads.com/user/show/111992840-proma,"Dhaka, 81"
https://www.goodreads.com/user/show/12879527-sonali-ekka,"Mumbai, 19, India"
https://www.goodreads.com/user/show/89998402-habib,N/A
https://www.goodreads.com/user/show/114880370-biva-podder,"Age 24, Bangladesh"
https://www.goodreads.com/user/show/90011957-s-m-shashi,"Age 26, Bangladesh"
https://www.goodreads.com/user/show/14982370-nisa,Female
https://www.goodreads.com/user/show/91394518-monisha-mohtarema,"Age 25, Rajshahi, 83"
https://www.goodreads.com/user/show/21610126-poonam-chakraborty,Age 33
https://www.goodreads.com/user/show/73010679-surajit-dawn,"Age 27, India"
https://www.goodreads.com/user/show/65210331-tamanna,India
https://www.goodreads.com/user/show/6737841-prithvi-shams,"Age 31, Dhaka"
https://www.goodreads.com/user/show/10056101-ihsan,The United States
https://www.goodreads.com/user/show/19858153-tahsina-syeda,Bangladesh
https://www.goodreads.com/user/show/128466706-muskana-islam-hridi,"Age 23, Bangladesh"
https://www.goodreads.com/user/show/17875169-kaushik-sarkar,"Dhaka, 81"
https://www.goodreads.com/user/show/96283345-jubair-sayeed-linas,Mymensingh
https://www.goodreads.com/user/show/12533904-kumar-anshul,"Age 32, BENGALURU, Near Income Tax Office, India"
https://www.goodreads.com/user/show/9776412-kajori,Kajori hasn't added any details yet.
https://www.goodreads.com/user/show/90642505-mohammad-abu-nayeem,"Male, Bangladesh"
https://www.goodreads.com/user/show/65522442-md-nymoom-sakib,"Age 27, Male, Dhaka"
https://www.goodreads.com/user/show/68050592-lori,"Houston, TX"
https://www.goodreads.com/user/show/58296635-sidharth-vardhan,N/A
https://www.goodreads.com/user/show/2156200-k-d-absolutely,N/A
https://www.goodreads.com/user/show/117399210-lu-s,"Age 46, Almada, 19, Portugal"
https://www.goodreads.com/user/show/2799876,N/A
https://www.goodreads.com/user/show/8190907-katie-lumsden,N/A
https://www.goodreads.com/user/show/14824621-elena,"Age 36, Female, Victoria, BC, Canada"
https://www.goodreads.com/user/show/1108123-bettie,Bettie hasn't added any details yet.
https://www.goodreads.com/user/show/84023-j-g-keely,"Albany, NY"
https://www.goodreads.com/user/show/6923777-teresa,"Female, Portugal"
https://www.goodreads.com/user/show/1096417-tyler,"Age 64, The United States"
https://www.goodreads.com/user/show/48715000-zunaed,Dhaka
https://www.goodreads.com/user/show/95657353-rocio-voncina,"Age 44, Female, Buenos Aires, Argentina"
https://www.goodreads.com/user/show/1798222-shane,N/A
https://www.goodreads.com/user/show/5283792-mohit-parikh,N/A
https://www.goodreads.com/user/show/11260920-ahmed,"Age 33, Egypt"
https://www.goodreads.com/user/show/1358952-elizabeth,"Age 54, San Miguel de Allende, Mexico"
https://www.goodreads.com/user/show/81560301-kiran-bhat,N/A
https://www.goodreads.com/user/show/5253139-jumana-taha,"Maddinah, I2, Saudi Arabia"
https://www.goodreads.com/user/show/22168773-yazeed-almogren,"Male, Saudi Arabia"
https://www.goodreads.com/user/show/900147-laura,"Age 68, Vila Nova de Famalicão, Portugal"
https://www.goodreads.com/user/show/37756416-tracey,Age 60
